scenario_name,target_selectivity,predicate_count,filter_mode,cache_state,queries_run,avg_latency_ms,p50_latency_ms,p95_latency_ms,throughput_qps,matched_candidates_avg,false_positive_rate
100% Unfiltered Baseline,100%,1,native_pre_filter,cold,5,15.59,15.3,16.48,64.1,10.0,0.0
100% Unfiltered Baseline [Warm],100%,1,native_pre_filter,warm,5,2.94,2.94,3.16,340.1,10.0,0.0
50% Selectivity (1 Predicate: doc_type == report),50%,1,native_pre_filter,cold,5,5.33,5.42,5.55,187.6,10.0,0.0
50% Selectivity (1 Predicate: doc_type == report) [Warm],50%,1,native_pre_filter,warm,5,5.5,5.47,5.71,181.8,10.0,0.0
20% Selectivity (1 Predicate: year == 2024),20%,1,native_pre_filter,cold,5,5.45,5.41,5.69,183.6,10.0,0.0
20% Selectivity (1 Predicate: year == 2024) [Warm],20%,1,native_pre_filter,warm,5,5.12,5.02,5.41,195.3,10.0,0.0
4% Selectivity (2 Predicates: year == 2024 AND category == research),4%,2,native_pre_filter,cold,5,4.74,4.74,5.16,211.2,0.0,0.0
4% Selectivity (2 Predicates: year == 2024 AND category == research) [Warm],4%,2,native_pre_filter,warm,5,4.33,4.28,4.68,231.0,0.0,0.0
1% Selectivity (3 Predicates: year == 2024 AND category == research AND dept == AI),1%,3,native_pre_filter,cold,5,3.97,3.8,4.56,252.0,0.0,0.0
1% Selectivity (3 Predicates: year == 2024 AND category == research AND dept == AI) [Warm],1%,3,native_pre_filter,warm,5,3.43,3.13,4.16,291.5,0.0,0.0
